<?xml version="1.0" encoding="UTF-8" ?>
<!DOCTYPE struts PUBLIC
"-//Apache Software Foundation//DTD Struts Configuration 2.0//EN"
"http://struts.apache.org/dtds/struts-2.0.dtd">

<struts>

	<package name="login" namespace="" extends="struts-tinyfarmerhub">

		<default-interceptor-ref name="userLogin" />

		<action name="index">
			<result>/view/login.jsp</result>
		</action>

		<action name="login" class="com.mediaflow.tinyfarmerhub.action.LogInAction">
			<result name="input">/view/login.jsp</result>
			<result name="login">/view/login.jsp</result>
			<result name="success" type="redirect">base</result>
		</action>
		
		<action name="logout" class="com.mediaflow.tinyfarmerhub.action.LogoutAction">
			<result name="success" type="redirect">index</result>
		</action>
		
	</package>
	
</struts>